true_value,truthful_utility,optimal_utility,optimal_bid,relative_regret,prompt_idx,fixed_val,agent,dataset
0.05,0.008349609375,0.00927734375,0.65,0.11111111111111102,0,0.3,Agent 1,Regular
0.15,0.025970458984375,0.02783203125,0.65,0.07168037602820211,0,0.3,Agent 1,Regular
0.25,0.04435424895200467,0.04638671875,0.65,0.045823564732087985,0,0.3,Agent 1,Regular
0.35,0.06337281818273674,0.06618055265791747,0.95,0.04430502786043975,0,0.3,Agent 1,Regular
0.45,0.083148193359375,0.08629774015791748,0.95,0.037878715956338606,0,0.3,Agent 1,Regular
0.55,0.10314331302986585,0.10641492765791749,0.95,0.03171911519949264,0,0.3,Agent 1,Regular
0.65,0.12060546875,0.12653211515791749,0.95,0.04914077669398789,0,0.3,Agent 1,Regular
0.75,0.1433288562109583,0.14735719318273674,0.35,0.028105554445012306,0,0.3,Agent 1,Regular
0.85,0.166058302762799,0.16835328693273674,0.35,0.013820351838811286,0,0.3,Agent 1,Regular
0.95,0.18688367765791747,0.19035047064942193,0.8,0.01855053921750338,0,0.3,Agent 1,Regular
0.05,0.00771484375,0.009228515625000001,0.8,0.1962025316455697,0,0.5,Agent 1,Regular
0.15,0.024999999999999998,0.027685546874999998,0.8,0.10742187500000001,0,0.5,Agent 1,Regular
0.25,0.044482424272370466,0.046142578125,0.8,0.03732156868214378,0,0.5,Agent 1,Regular
0.35,0.053662109374999996,0.06574708418300057,0.3,0.22520499005264039,0,0.5,Agent 1,Regular
0.45,0.080859375,0.08752442793300058,0.3,0.082427707770442,0,0.5,Agent 1,Regular
0.55,0.10153811597801975,0.10930177168300058,0.3,0.07646050579332644,0,0.5,Agent 1,Regular
0.65,0.11679687500000001,0.1310791154330006,0.3,0.12228272745311546,0,0.5,Agent 1,Regular
0.75,0.1416503778553328,0.15285645918300056,0.3,0.07911084670111156,0,0.5,Agent 1,Regular
0.85,0.1612304681139629,0.17463380293300057,0.3,0.08313152579550752,0,0.5,Agent 1,Regular
0.95,0.18232424042418605,0.19641114668300058,0.3,0.077262936766064,0,0.5,Agent 1,Regular
0.05,0.0081787109375,0.0087890625,0.55,0.07462686567164178,0,0.7,Agent 1,Regular
0.15,0.024169921875,0.0263671875,0.55,0.09090909090909091,0,0.7,Agent 1,Regular
0.25,0.037353515625,0.0439453125,0.55,0.17647058823529413,0,0.7,Agent 1,Regular
0.35,0.058959968129611406,0.06213379016333338,0.2,0.05383011786480242,0,0.7,Agent 1,Regular
0.45,0.0781005859375,0.08117675891333338,0.2,0.03938732262898893,0,0.7,Agent 1,Regular
0.55,0.09667968750000001,0.1002197276633334,0.2,0.03661617300255943,0,0.7,Agent 1,Regular
0.65,0.11518554888096305,0.11926269641333338,0.2,0.03539634591300862,0,0.7,Agent 1,Regular
0.75,0.1351805698311628,0.13830566516333337,0.2,0.02311793282180812,0,0.7,Agent 1,Regular
0.85,0.15476079121127978,0.15734863391333337,0.2,0.016721565467578026,0,0.7,Agent 1,Regular
0.95,0.17448717449560575,0.17639160266333337,0.2,0.010914430663645046,0,0.7,Agent 1,Regular
0.05,0.0077392578125,0.010107421875000001,0.6,0.3059936908517352,1,0.3,Agent 1,Regular
0.15,0.024853515624999996,0.030322265624999997,0.6,0.22003929273084488,1,0.3,Agent 1,Regular
0.25,0.04792480498105557,0.050537109375,0.6,0.05450839904256385,1,0.3,Agent 1,Regular
0.35,0.07077637119942609,0.07214355769644455,0.2,0.01931699059798006,1,0.3,Agent 1,Regular
0.45,0.09345703124999999,0.09626465144644457,0.2,0.030041829479198014,1,0.3,Agent 1,Regular
0.55,0.11403809063438909,0.12038574519644459,0.2,0.05566258192103848,1,0.3,Agent 1,Regular
0.65,0.13586426153087053,0.14450683894644456,0.2,0.06361185287574908,1,0.3,Agent 1,Regular
0.75,0.1562255714064994,0.16862793269644455,0.2,0.07938752393917749,1,0.3,Agent 1,Regular
0.85,0.16103515625,0.19274902644644454,0.2,0.196937556586775,1,0.3,Agent 1,Regular
0.95,0.2019527552178367,0.21687012019644453,0.2,0.07386561754266328,1,0.3,Agent 1,Regular
0.05,0.00859375,0.009375000000000001,0.9,0.09090909090909098,1,0.5,Agent 1,Regular
0.15,0.02080078125,0.028124999999999997,0.9,0.35211267605633784,1,0.5,Agent 1,Regular
0.25,0.03942871607472243,0.046875,0.9,0.1888543342665765,1,0.5,Agent 1,Regular
0.35,0.05861816680235196,0.06562499999999999,0.9,0.11953347536905383,1,0.5,Agent 1,Regular
0.45,0.08115234375,0.08552245702342577,0.85,0.05385073395894099,1,0.5,Agent 1,Regular
0.55,0.10290528669642648,0.10788573827342579,0.85,0.048398403394878824,1,0.5,Agent 1,Regular
0.65,0.12705080121177859,0.13024901952342577,0.85,0.025172752010560982,1,0.5,Agent 1,Regular
0.75,0.15168459409050097,0.15261230077342577,0.85,0.006116024428764956,1,0.5,Agent 1,Regular
0.85,0.17497558202342578,0.17663575092077813,0.7,0.009488003286824814,1,0.5,Agent 1,Regular
0.95,0.19589865957478686,0.20153809467077813,0.7,0.028787512422147745,1,0.5,Agent 1,Regular
0.05,0.007568359375,0.008349609375,0.65,0.103225806451613,1,0.7,Agent 1,Regular
0.15,0.0229736328125,0.025048828125,0.65,0.09032943676939427,1,0.7,Agent 1,Regular
0.25,0.04035644976475944,0.041748046875,0.65,0.03448264449306809,1,0.7,Agent 1,Regular
0.35,0.057983414338426575,0.06037598101475944,0.25,0.04126294913177042,1,0.7,Agent 1,Regular
0.45,0.0791015625,0.08039551226475944,0.25,0.01635808097671192,1,0.7,Agent 1,Regular
0.55,0.10039061389381437,0.10192872683842659,0.35,0.015321282388402526,1,0.7,Agent 1,Regular
0.65,0.108544921875,0.12390138308842658,0.35,0.14147563007241393,1,0.7,Agent 1,Regular
0.75,0.14248068363267546,0.14731448438866793,0.6,0.033926007601523846,1,0.7,Agent 1,Regular
0.85,0.16677235980760696,0.17114260938866793,0.6,0.026204879430276135,1,0.7,Agent 1,Regular
0.95,0.18955127373839054,0.1949707343886679,0.6,0.02859100096450447,1,0.7,Agent 1,Regular
0.05,0.00550537109375,0.01025390625,1.0,0.8625277161862527,2,0.3,Agent 1,Regular
0.15,0.021350097656249997,0.03076171875,1.0,0.44082332761578064,2,0.3,Agent 1,Regular
0.25,0.040319822653120306,0.05126953125,1.0,0.27157134819471507,2,0.3,Agent 1,Regular
0.35,0.06207274845100903,0.07177734375,1.0,0.15634228451556847,2,0.3,Agent 1,Regular
0.45,0.08338623046875,0.09228515625,1.0,0.10671936758893277,2,0.3,Agent 1,Regular
0.55,0.10738523817656417,0.11279296875000001,1.0,0.05035823047246383,2,0.3,Agent 1,Regular
0.65,0.1294555395214526,0.13367919362896274,0.5,0.03262629102720022,2,0.3,Agent 1,Regular
0.75,0.15218514027558666,0.15926513112896273,0.5,0.04652222181847169,2,0.3,Agent 1,Regular
0.85,0.1756224062384104,0.18485106862896272,0.5,0.052548319933757456,2,0.3,Agent 1,Regular
0.95,0.1995729179059604,0.2104370061289627,0.5,0.05443668578379712,2,0.3,Agent 1,Regular
0.05,0.006750488281250001,0.008056640625,0.3,0.19349005424954768,2,0.5,Agent 1,Regular
0.15,0.0205078125,0.024169921875,0.3,0.17857142857142858,2,0.5,Agent 1,Regular
0.25,0.0390747100157316,0.042687995106416965,0.75,0.09247119400836609,2,0.5,Agent 1,Regular
0.35,0.05784911475784233,0.06309815135641696,0.75,0.09073667973221732,2,0.5,Agent 1,Regular
0.45,0.07823486328125001,0.08350830760641696,0.75,0.06740529866089508,2,0.5,Agent 1,Regular
0.55,0.10013427291595353,0.10499267876573162,0.25,0.048518910741539356,2,0.5,Agent 1,Regular
0.65,0.12269284269224884,0.1269653350157316,0.25,0.034822669601025334,2,0.5,Agent 1,Regular
0.75,0.14473877635641696,0.1489379912657316,0.25,0.029012369836360432,2,0.5,Agent 1,Regular
0.85,0.16641850047747397,0.1709106475157316,0.25,0.026993074840652515,2,0.5,Agent 1,Regular
0.95,0.18941666849307154,0.1928833037657316,0.25,0.01830163786661077,2,0.5,Agent 1,Regular
0.05,0.0049560546875,0.006396484375000001,0.2,0.29064039408867004,2,0.7,Agent 1,Regular
0.15,0.018896484375,0.019189453125,0.2,0.0155038759689921,2,0.7,Agent 1,Regular
0.25,0.033422850975388864,0.0363037109375,0.45,0.08619432149078107,2,0.7,Agent 1,Regular
0.35,0.053271478406036785,0.05588374549396119,1.0,0.04903687988558583,2,0.7,Agent 1,Regular
0.45,0.0734130859375,0.0765868704939612,1.0,0.04323186412791857,2,0.7,Agent 1,Regular
0.55,0.09228514480133287,0.09877929090603679,0.35,0.07037043847830776,2,0.7,Agent 1,Regular
0.65,0.11311036633813022,0.1215331971560368,0.35,0.07446559577684961,2,0.7,Agent 1,Regular
0.75,0.13398441639133504,0.1442871034060368,0.35,0.07689466650069339,2,0.7,Agent 1,Regular
0.85,0.15629867616106785,0.16704100965603677,0.35,0.06872952323600491,2,0.7,Agent 1,Regular
0.95,0.1791749957921745,0.18979491590603678,0.35,0.059271217319744524,2,0.7,Agent 1,Regular
0.05,0.004833984375,0.004833984375,0.05,0.0,3,0.3,Agent 1,Regular
0.15,0.020251464843749997,0.022863664621829045,0.6,0.1289881891622879,3,0.3,Agent 1,Regular
0.25,0.04180908215356482,0.04757069587182905,0.6,0.13780770639981563,3,0.3,Agent 1,Regular
0.35,0.06776123543473167,0.0728880248780398,0.85,0.07565962176481139,3,0.3,Agent 1,Regular
0.45,0.09359130859375,0.09847396237803982,0.85,0.05216994887296486,3,0.3,Agent 1,Regular
0.55,0.12049561630584305,0.12405989987803984,0.85,0.029580192885605854,3,0.3,Agent 1,Regular
0.65,0.14681395552336074,0.14998780380584303,0.55,0.02161816477982761,3,0.3,Agent 1,Regular
0.75,0.17283931737991512,0.17947999130584302,0.55,0.03842108396743522,3,0.3,Agent 1,Regular
0.85,0.2008177123780398,0.208972178805843,0.55,0.04060631072448633,3,0.3,Agent 1,Regular
0.95,0.22703849398022816,0.238464366305843,0.55,0.05032570523749984,3,0.3,Agent 1,Regular
0.05,0.00511474609375,0.00511474609375,0.05,0.0,3,0.5,Agent 1,Regular
0.15,0.016149902343749998,0.017834463054536648,0.4,0.10430779548574631,3,0.5,Agent 1,Regular
0.25,0.03438721348947249,0.03814695730574011,0.5,0.1093355184891224,3,0.5,Agent 1,Regular
0.35,0.05767820707334194,0.0585815234839992,0.3,0.015661312244131104,3,0.5,Agent 1,Regular
0.45,0.07847900390625001,0.0829955859839992,0.3,0.057551470494511335,3,0.5,Agent 1,Regular
0.55,0.10028080675506668,0.1074096484839992,0.3,0.07108879515044726,3,0.5,Agent 1,Regular
0.65,0.1235473791577136,0.1318237109839992,0.3,0.06698913309784173,3,0.5,Agent 1,Regular
0.75,0.1483763624662458,0.1562377734839992,0.3,0.05298290702834685,3,0.5,Agent 1,Regular
0.85,0.17362060331600915,0.1806518359839992,0.3,0.04049768595258485,3,0.5,Agent 1,Regular
0.95,0.1977660138637644,0.2050658984839992,0.3,0.03691172450521998,3,0.5,Agent 1,Regular
0.05,0.0047119140625,0.005834958882611027,0.25,0.2383415328069827,3,0.7,Agent 1,Regular
0.15,0.0139892578125,0.018530271382611027,0.25,0.3246071829524393,3,0.7,Agent 1,Regular
0.25,0.031225583882611027,0.032910163148555834,0.2,0.053948687469793595,3,0.7,Agent 1,Regular
0.35,0.049145519579185656,0.052343756898555825,0.2,0.06507688486672754,3,0.7,Agent 1,Regular
0.45,0.07077636718750001,0.07438978812102422,0.85,0.05105406051643724,3,0.7,Agent 1,Regular
0.55,0.09440916403120309,0.09821791312102424,0.85,0.04034300196284255,3,0.7,Agent 1,Regular
0.65,0.11862795669461222,0.12204603812102421,0.85,0.028813456133373938,3,0.7,Agent 1,Regular
0.75,0.14504366812265532,0.1466550429719165,0.95,0.011109584238441477,3,0.7,Agent 1,Regular
0.85,0.16970228812102423,0.172875863861625,0.7,0.018700842373660466,3,0.7,Agent 1,Regular
0.95,0.19587379297191648,0.200024301361625,0.7,0.02118970754961382,3,0.7,Agent 1,Regular
0.05,0.00703125,0.009228502121443905,0.5,0.3124980794942442,4,0.3,Agent 1,Regular
0.15,0.025976562499999998,0.029052720871443904,0.5,0.11842053279543457,4,0.3,Agent 1,Regular
0.25,0.0462890591730369,0.048876939621443904,0.5,0.055906957165256704,4,0.3,Agent 1,Regular
0.35,0.063916015625,0.06979982472266748,0.3,0.09205531728054231,4,0.3,Agent 1,Regular
0.45,0.088330078125,0.0944091997226675,0.3,0.06882278071875635,4,0.3,Agent 1,Regular
0.55,0.09721679687500001,0.11901857472266751,0.3,0.22425937233562548,4,0.3,Agent 1,Regular
0.65,0.12939453990988925,0.14362794972266751,0.3,0.11000008054969285,4,0.3,Agent 1,Regular
0.75,0.1518066313779996,0.1682373247226675,0.3,0.10823435837763475,4,0.3,Agent 1,Regular
0.85,0.1749268411822812,0.1928466997226675,0.3,0.10244201758444291,4,0.3,Agent 1,Regular
0.95,0.19990227187781184,0.21745607472266748,0.3,0.08781192269583216,4,0.3,Agent 1,Regular
0.05,0.00582275390625,0.00582275390625,0.05,0.0,4,0.5,Agent 1,Regular
0.15,0.018786621093749997,0.025353959860683374,1.0,0.34957530330551156,4,0.5,Agent 1,Regular
0.25,0.03668213061865748,0.04664302236068338,1.0,0.2715461608699341,4,0.5,Agent 1,Regular
0.35,0.058630371558546314,0.06793208486068338,1.0,0.15865008279622933,4,0.5,Agent 1,Regular
0.45,0.08123779296875001,0.08922114736068339,1.0,0.09827143377718735,4,0.5,Agent 1,Regular
0.55,0.10181885262223168,0.11051020986068338,1.0,0.0853609819263862,4,0.5,Agent 1,Regular
0.65,0.12493898404717671,0.1317992723606834,1.0,0.05490910916096656,4,0.5,Agent 1,Regular
0.75,0.1476195274094125,0.15308833486068338,1.0,0.03704663974504888,4,0.5,Agent 1,Regular
0.85,0.17213143425514243,0.17437739736068336,1.0,0.01304795440333019,4,0.5,Agent 1,Regular
0.95,0.1955200167424721,0.19869393425514242,0.85,0.01623321011091578,4,0.5,Agent 1,Regular
0.05,0.0064697265625,0.007226203359226024,0.95,0.1169256211090489,4,0.7,Agent 1,Regular
0.15,0.0176513671875,0.026757453359226024,0.95,0.5158856010980608,4,0.7,Agent 1,Regular
0.25,0.032470703125,0.046288703359226024,0.95,0.4255528493187203,4,0.7,Agent 1,Regular
0.35,0.05263670196840671,0.06581995335922602,0.95,0.2504573975537466,4,0.7,Agent 1,Regular
0.45,0.0749267578125,0.08535120335922602,0.95,0.13912847494098998,4,0.7,Agent 1,Regular
0.55,0.09594726425507402,0.10488245335922604,0.95,0.09312604349403837,4,0.7,Agent 1,Regular
0.65,0.11840824182540899,0.12441370335922602,0.95,0.05071827299548954,4,0.7,Agent 1,Regular
0.75,0.14118630393132436,0.14680178357200105,0.3,0.03977354378090497,4,0.7,Agent 1,Regular
0.85,0.16174311403573868,0.17014162732200105,0.3,0.051925012921456674,4,0.7,Agent 1,Regular
0.95,0.18300745335922602,0.19348147107200103,0.3,0.05723273845145268,4,0.7,Agent 1,Regular
0.05,0.0059814453125,0.01015625,0.9,0.6979591836734694,5,0.3,Agent 1,Regular
0.15,0.023193359375,0.03046875,0.9,0.31368421052631573,5,0.3,Agent 1,Regular
0.25,0.04374999909487033,0.05078125,0.9,0.16071430972793047,5,0.3,Agent 1,Regular
0.35,0.06528320586485196,0.07109375,0.9,0.08900518989794878,5,0.3,Agent 1,Regular
0.45,0.0866943359375,0.09140625000000001,0.9,0.05435088707406367,5,0.3,Agent 1,Regular
0.55,0.10825194925985171,0.11171875,0.9,0.032025296208075364,5,0.3,Agent 1,Regular
0.65,0.1301757638812956,0.13203125000000002,0.9,0.014253698717653784,5,0.3,Agent 1,Regular
0.75,0.145751953125,0.15354005601533402,0.6,0.05343395215880761,5,0.3,Agent 1,Regular
0.85,0.17248537093716743,0.17661137196263144,0.7,0.023920875162027625,5,0.3,Agent 1,Regular
0.95,0.19458044702649657,0.20024418446263142,0.7,0.029107433571491412,5,0.3,Agent 1,Regular
0.05,0.00645751953125,0.009033203125,0.55,0.39886578449905485,5,0.5,Agent 1,Regular
0.15,0.02021484375,0.027099609375,0.55,0.3405797101449276,5,0.5,Agent 1,Regular
0.25,0.03792724178826834,0.045166015625,0.55,0.19085948504092798,5,0.5,Agent 1,Regular
0.35,0.058679198802879605,0.063232421875,0.55,0.07759518134213093,5,0.5,Agent 1,Regular
0.45,0.07977294921875,0.08182373005287963,0.35,0.025707722407329634,5,0.5,Agent 1,Regular
0.55,0.09936523437500001,0.10496826130287965,0.35,0.056388202202936034,5,0.5,Agent 1,Regular
0.65,0.11912843374736178,0.12811279255287963,0.35,0.07541741734447026,5,0.5,Agent 1,Regular
0.75,0.13995341182874174,0.15125732380287962,0.35,0.08076910613633527,5,0.5,Agent 1,Regular
0.85,0.16182856978610005,0.1744018550528796,0.35,0.0776950898311623,5,0.5,Agent 1,Regular
0.95,0.18389884089476505,0.1975463863028796,0.35,0.07421224267489687,5,0.5,Agent 1,Regular
0.05,0.00587158203125,0.008740234375000001,0.85,0.4885654885654887,5,0.7,Agent 1,Regular
0.15,0.02103271484375,0.026220703124999998,0.85,0.2466627974463144,5,0.7,Agent 1,Regular
0.25,0.03829345566132402,0.043701171875,0.85,0.14121776476646675,5,0.7,Agent 1,Regular
0.35,0.05635986668160199,0.061181640625,0.85,0.08555332415241532,5,0.7,Agent 1,Regular
0.45,0.07628173828125,0.07884517532383171,1.0,0.0336048587819322,5,0.7,Agent 1,Regular
0.55,0.09632566536884185,0.100305179181602,0.35,0.04131312041834486,5,0.7,Agent 1,Regular
0.65,0.11785886306306385,0.12227783543160199,0.35,0.037493763758552776,5,0.7,Agent 1,Regular
0.75,0.1396119333147548,0.14425049168160198,0.35,0.03322465534797487,5,0.7,Agent 1,Regular
0.85,0.148583984375,0.16622314793160198,0.35,0.11871510668393309,5,0.7,Agent 1,Regular
0.95,0.18038332514636213,0.18819580418160198,0.35,0.04331042810581767,5,0.7,Agent 1,Regular
0.05,0.00628662109375,0.009472656250000001,0.95,0.5067961165048546,0,0.3,Agent 2,Regular
0.15,0.024353027343749997,0.028417968749999998,0.95,0.1669172932330828,0,0.3,Agent 2,Regular
0.25,0.043151849597638646,0.04876708984375,0.15,0.130127452205864,0,0.3,Agent 2,Regular
0.35,0.060974121754250016,0.07318115234375,0.15,0.200200187199074,0,0.3,Agent 2,Regular
0.45,0.08021240234374999,0.09759521484375,0.15,0.21670978542078848,0,0.3,Agent 2,Regular
0.55,0.10120847013854525,0.12200927734375,0.15,0.20552437139629046,0,0.3,Agent 2,Regular
0.65,0.12054438772569256,0.14642333984375,0.15,0.2146840065001355,0,0.3,Agent 2,Regular
0.75,0.14039304725174923,0.17083740234375,0.15,0.2168508746548448,0,0.3,Agent 2,Regular
0.85,0.160803117416579,0.19525146484375,0.15,0.21422686313927983,0,0.3,Agent 2,Regular
0.95,0.17998046874999998,0.21966552734375,0.15,0.22049647314161705,0,0.3,Agent 2,Regular
0.05,0.006054687500000001,0.007421810026367699,0.8,0.22579572048395521,0,0.5,Agent 2,Regular
0.15,0.017724609375,0.025390560026367696,0.8,0.4325032213223428,0,0.5,Agent 2,Regular
0.25,0.03549804946807418,0.0433593100263677,0.8,0.22145612719830382,0,0.5,Agent 2,Regular
0.35,0.05566405276374034,0.06132806002636769,0.8,0.1017534114281541,0,0.5,Agent 2,Regular
0.45,0.074267578125,0.07932144560100643,0.9,0.06804944504182231,0,0.5,Agent 2,Regular
0.55,0.09392091218568577,0.10029299517000109,0.3,0.06784519907257115,0,0.5,Agent 2,Regular
0.65,0.11335450789272286,0.12216799517000107,0.3,0.07775153755348814,0,0.5,Agent 2,Regular
0.75,0.13278802296983078,0.14404299517000108,0.3,0.08475894096809779,0,0.5,Agent 2,Regular
0.85,0.1518067220377441,0.16591799517000108,0.3,0.09295552227752121,0,0.5,Agent 2,Regular
0.95,0.1709228058656833,0.18779299517000106,0.3,0.0987006340018481,0,0.5,Agent 2,Regular
0.05,0.007006835937500001,0.007006835937500001,0.05,0.0,0,0.7,Agent 2,Regular
0.15,0.02021484375,0.023608144414082186,0.95,0.16786182995266472,0,0.7,Agent 2,Regular
0.25,0.03513183559501851,0.04157689441408219,0.95,0.18345351758328146,0,0.7,Agent 2,Regular
0.35,0.05217285650401872,0.05954564441408218,0.95,0.141314629945469,0,0.7,Agent 2,Regular
0.45,0.0705078125,0.07751439441408219,0.95,0.0993731285321351,0,0.7,Agent 2,Regular
0.55,0.08864746245420377,0.09548314441408219,0.95,0.07711085879542022,0,0.7,Agent 2,Regular
0.65,0.10856935682887123,0.1134518944140822,0.95,0.04497159905724507,0,0.7,Agent 2,Regular
0.75,0.12687975115282793,0.1314206444140822,0.95,0.03578895150720076,0,0.7,Agent 2,Regular
0.85,0.14619148286800313,0.1493893944140822,0.95,0.0218748143417252,0,0.7,Agent 2,Regular
0.95,0.16735814441408217,0.1695556876203343,0.6,0.013130781378735296,0,0.7,Agent 2,Regular
0.05,0.00634765625,0.0076660156250000005,0.3,0.2076923076923078,1,0.3,Agent 2,Regular
0.15,0.0228759765625,0.026635697249035195,0.7,0.16435235786604221,1,0.3,Agent 2,Regular
0.25,0.04299316146942582,0.047143509749035195,0.7,0.09653507994662956,1,0.3,Agent 2,Regular
0.35,0.06071777529668526,0.0676513222490352,0.7,0.11419303356340946,1,0.3,Agent 2,Regular
0.45,0.084130859375,0.08820810490600399,0.9,0.048463138987209275,1,0.3,Agent 2,Regular
0.55,0.10605466015040631,0.11115723035425942,0.4,0.04811264490043785,1,0.3,Agent 2,Regular
0.65,0.1288329417624973,0.13713379285425942,0.4,0.06443112280292947,1,0.3,Agent 2,Regular
0.75,0.1505371437210014,0.1631103553542594,0.4,0.0835223209532965,1,0.3,Agent 2,Regular
0.85,0.17519541818000434,0.1890869178542594,0.4,0.07929145532780009,1,0.3,Agent 2,Regular
0.95,0.19777827588775743,0.2150634803542594,0.4,0.08739688112314027,1,0.3,Agent 2,Regular
0.05,0.005053710937500001,0.00913086774133369,0.6,0.806764940507381,1,0.5,Agent 2,Regular
0.15,0.020849609374999998,0.02866211774133369,0.6,0.37470766122368626,1,0.5,Agent 2,Regular
0.25,0.042211915554740805,0.048266529152126675,0.85,0.14343375603351122,1,0.5,Agent 2,Regular
0.35,0.06530761743212964,0.06809074790212667,0.85,0.0426157097660067,1,0.5,Agent 2,Regular
0.45,0.0755859375,0.09208986532633422,0.3,0.21834653868431822,1,0.5,Agent 2,Regular
0.55,0.10563969056272396,0.11748049032633422,0.3,0.11208665701817574,1,0.5,Agent 2,Regular
0.65,0.12631836064707413,0.14287111532633423,0.3,0.13103997387606614,1,0.5,Agent 2,Regular
0.75,0.14592285200283336,0.16826174032633423,0.3,0.15308697724100892,1,0.5,Agent 2,Regular
0.85,0.16721184165212666,0.19365236532633423,0.3,0.15812590431971535,1,0.5,Agent 2,Regular
0.95,0.18950167625317385,0.21904299032633423,0.3,0.1558894604905407,1,0.5,Agent 2,Regular
0.05,0.005664062500000001,0.008642578125,0.75,0.525862068965517,1,0.7,Agent 2,Regular
0.15,0.018701171875,0.025927734375,0.75,0.38642297650130564,1,0.7,Agent 2,Regular
0.25,0.034838870563389024,0.043212890625,0.75,0.24036428064952678,1,0.7,Agent 2,Regular
0.35,0.054882798360406826,0.060498046874999996,0.75,0.10231345125149603,1,0.7,Agent 2,Regular
0.45,0.07465820312499999,0.07871093177566643,0.3,0.054283768976879504,1,0.7,Agent 2,Regular
0.55,0.09567873540046397,0.10107421302566644,0.3,0.05639160679350184,1,0.7,Agent 2,Regular
0.65,0.11755371362842605,0.12343749427566642,0.3,0.05005184834771215,1,0.7,Agent 2,Regular
0.75,0.129638671875,0.14580077552566642,0.3,0.12467038898894474,1,0.7,Agent 2,Regular
0.85,0.15866704346187244,0.16816405677566643,0.3,0.05985498378606969,1,0.7,Agent 2,Regular
0.95,0.1817381304113642,0.1905273380256664,0.3,0.0483619348037082,1,0.7,Agent 2,Regular
0.05,0.004809570312500001,0.0083984375,0.7,0.7461928934010149,2,0.3,Agent 2,Regular
0.15,0.01864013671875,0.0251953125,0.7,0.3516699410609039,2,0.3,Agent 2,Regular
0.25,0.0359008812791575,0.0419921875,0.7,0.1696701029001996,2,0.3,Agent 2,Regular
0.35,0.05469970133137939,0.058789062499999996,0.7,0.07476021018554764,2,0.3,Agent 2,Regular
0.45,0.07310791015625001,0.0755859375,0.7,0.0338954750375688,2,0.3,Agent 2,Regular
0.55,0.09305420325513906,0.09449463127915751,0.25,0.015479451476995991,2,0.3,Agent 2,Regular
0.65,0.11146238588017526,0.11492919676022212,0.5,0.031102966733313607,2,0.3,Agent 2,Regular
0.75,0.12928484035925708,0.1361206030102221,0.5,0.05287365968020528,2,0.3,Agent 2,Regular
0.85,0.14937745696469507,0.1573120092602221,0.5,0.05311746803536989,2,0.3,Agent 2,Regular
0.95,0.17078857803497235,0.17850341551022209,0.5,0.04517185846977404,2,0.3,Agent 2,Regular
0.05,0.0029052734375000005,0.0029052734375000005,0.05,0.0,2,0.5,Agent 2,Regular
0.15,0.0119384765625,0.015014647703611085,0.35,0.25766865018386514,2,0.5,Agent 2,Regular
0.25,0.02619628617587025,0.027807616453611086,0.35,0.06150987460295241,2,0.5,Agent 2,Regular
0.35,0.04060058520361108,0.044091666536328004,0.75,0.08598598555191321,2,0.5,Agent 2,Regular
0.45,0.0559326171875,0.060888541536328014,0.75,0.08860526465647993,2,0.5,Agent 2,Regular
0.55,0.07395019330653696,0.07768541653632802,0.75,0.05050998601596455,2,0.5,Agent 2,Regular
0.65,0.09279782881194351,0.094482291536328,0.75,0.01815196266927849,2,0.5,Agent 2,Regular
0.75,0.11127916653632801,0.1126220475619435,0.65,0.012067676883409182,2,0.5,Agent 2,Regular
0.85,0.1306152862364836,0.13244626631194348,0.65,0.014018114787459226,2,0.5,Agent 2,Regular
0.95,0.14916970293147253,0.1522704850619435,0.65,0.020786943122729423,2,0.5,Agent 2,Regular
0.05,0.00458984375,0.0062011718750000005,0.2,0.3510638297872341,2,0.7,Agent 2,Regular
0.15,0.01739501953125,0.021032675091433556,0.65,0.20912052174753468,2,0.7,Agent 2,Regular
0.25,0.03363036583421274,0.04180908203125,0.15,0.2431943868037531,2,0.7,Agent 2,Regular
0.35,0.050329610563880474,0.06622314453125,0.15,0.3157889319885911,2,0.7,Agent 2,Regular
0.45,0.06844482421875,0.09063720703125,0.15,0.3242375601926163,2,0.7,Agent 2,Regular
0.55,0.08770748202952625,0.11505126953125,0.15,0.31176117326590924,2,0.7,Agent 2,Regular
0.65,0.10648189384143356,0.13946533203125,0.15,0.3097563069166801,2,0.7,Agent 2,Regular
0.75,0.12471935518975479,0.16387939453125,0.15,0.3139852614048157,2,0.7,Agent 2,Regular
0.85,0.14412820328177825,0.18829345703125,0.15,0.30643033593589136,2,0.7,Agent 2,Regular
0.95,0.16300056113195666,0.21270751953125,0.15,0.30494961522895137,2,0.7,Agent 2,Regular
0.05,0.0072265625,0.0074218750000000005,0.0,0.02702702702702705,3,0.3,Agent 2,Regular
0.15,0.023779296874999998,0.026464850795333623,0.3,0.11293664124934837,3,0.3,Agent 2,Regular
0.25,0.04716796967959263,0.047851609175335263,0.6,0.014493723185172691,3,0.3,Agent 2,Regular
0.35,0.06997071927055622,0.0727539113382965,0.2,0.0397765250486922,3,0.3,Agent 2,Regular
0.45,0.093505859375,0.09794922383829652,0.2,0.04751963666230427,3,0.3,Agent 2,Regular
0.55,0.11723632323240722,0.1231445363382965,0.2,0.05039575570940536,3,0.3,Agent 2,Regular
0.65,0.1415527356470741,0.1483398488382965,0.2,0.04794759465577803,3,0.3,Agent 2,Regular
0.75,0.16748046875,0.1735351613382965,0.2,0.03615163387997441,3,0.3,Agent 2,Regular
0.85,0.193164159569041,0.19873047383829648,0.2,0.028816496195123338,3,0.3,Agent 2,Regular
0.95,0.2196288977368885,0.2239257863382965,0.2,0.01956431346550568,3,0.3,Agent 2,Regular
0.05,0.007299804687500001,0.008056640625,0.2,0.10367892976588608,3,0.5,Agent 2,Regular
0.15,0.024633789062499998,0.025976134495982448,0.9,0.05449204059012997,3,0.5,Agent 2,Regular
0.25,0.04355469009307418,0.04863238449598245,0.9,0.11658203495553504,3,0.5,Agent 2,Regular
0.35,0.06599120364753673,0.07128863449598244,0.9,0.0802748026349031,3,0.5,Agent 2,Regular
0.45,0.0888427734375,0.09394488449598246,0.9,0.05742854326887651,3,0.5,Agent 2,Regular
0.55,0.11210937773985198,0.11660113449598246,0.9,0.04006584325669461,3,0.5,Agent 2,Regular
0.65,0.13525390541825924,0.13925738449598246,0.9,0.029599729969666016,3,0.5,Agent 2,Regular
0.75,0.1598633996996715,0.16191363449598245,0.9,0.012824916773712017,3,0.5,Agent 2,Regular
0.85,0.1841307610828108,0.18476569114785457,0.7,0.003448256344078374,3,0.5,Agent 2,Regular
0.95,0.20769053977083785,0.20957037864785455,0.7,0.009051153119881559,3,0.5,Agent 2,Regular
0.05,0.0074218750000000005,0.008056640625,0.0,0.0855263157894736,3,0.7,Agent 2,Regular
0.15,0.022705078125,0.024169921875,0.0,0.06451612903225806,3,0.7,Agent 2,Regular
0.25,0.03996582417764831,0.04328616199681601,0.7,0.08307942817365103,3,0.7,Agent 2,Regular
0.35,0.060009762102333185,0.063598661996816,0.7,0.059805267822304595,3,0.7,Agent 2,Regular
0.45,0.07917480468749999,0.08391116199681602,0.7,0.05982152185926134,3,0.7,Agent 2,Regular
0.55,0.10131838921981605,0.10612791552344389,1.0,0.04746943117298575,3,0.7,Agent 2,Regular
0.65,0.12426758316437059,0.12897947802344387,1.0,0.037917329194700644,3,0.7,Agent 2,Regular
0.75,0.14606941695883663,0.15183104052344387,1.0,0.03944442091003149,3,0.7,Agent 2,Regular
0.85,0.17028811808183464,0.17468260302344388,1.0,0.025806174800154878,3,0.7,Agent 2,Regular
0.95,0.19665527221435178,0.19782718058183463,0.85,0.005959201369417056,3,0.7,Agent 2,Regular
0.05,0.0061767578125,0.008129868110258651,0.4,0.3162031533446417,4,0.3,Agent 2,Regular
0.15,0.024999999999999994,0.03020018061025865,0.4,0.20800722441034625,4,0.3,Agent 2,Regular
0.25,0.0500488250671295,0.05227049311025865,0.4,0.04439001395435896,4,0.3,Agent 2,Regular
0.35,0.07346193025698214,0.076684572342926,0.2,0.04386819233677252,4,0.3,Agent 2,Regular
0.45,0.09685058593750001,0.10285644734292601,0.2,0.06201161662874941,4,0.3,Agent 2,Regular
0.55,0.12072752071527705,0.12902832234292602,0.2,0.06875649875412851,4,0.3,Agent 2,Regular
0.65,0.1455810398140179,0.15520019734292603,0.2,0.06607424662714839,4,0.3,Agent 2,Regular
0.75,0.17233883944649886,0.18137207234292602,0.2,0.05241553746932042,4,0.3,Agent 2,Regular
0.85,0.1976806970385754,0.207543947342926,0.2,0.04989485798113043,4,0.3,Agent 2,Regular
0.95,0.22302268193591646,0.233715822342926,0.2,0.047946425512370675,4,0.3,Agent 2,Regular
0.05,0.005810546875,0.0059570312500000005,0.0,0.025210084033613505,4,0.5,Agent 2,Regular
0.15,0.01884765625,0.02426756633385136,0.55,0.2875641412364659,4,0.5,Agent 2,Regular
0.25,0.03925781377207413,0.045556628833851365,0.55,0.16044742324030967,4,0.5,Agent 2,Regular
0.35,0.06206055533918553,0.06833491377290547,0.95,0.10110058473418562,4,0.5,Agent 2,Regular
0.45,0.08610839843750001,0.09167475752290548,0.95,0.06464362578344426,4,0.5,Agent 2,Regular
0.55,0.10942381633385137,0.1150146012729055,0.95,0.05109294417219628,4,0.5,Agent 2,Regular
0.65,0.13356934376564847,0.13835444502290548,0.95,0.035824846647840206,4,0.5,Agent 2,Regular
0.75,0.1577635930553301,0.16169428877290548,0.95,0.02491510012830918,4,0.5,Agent 2,Regular
0.85,0.1833497523365614,0.1857177734375,0.45,0.01291532205940381,4,0.5,Agent 2,Regular
0.95,0.20837397627290546,0.2106201171875,0.45,0.01077937348401317,4,0.5,Agent 2,Regular
0.05,0.005883789062499999,0.0058837890625,0.0,2.9483101068883834e-16,4,0.7,Agent 2,Regular
0.15,0.01837158203125,0.01837158203125,0.15,0.0,4,0.7,Agent 2,Regular
0.25,0.035192872952935265,0.036633299435786984,0.35,0.04092949401369005,4,0.7,Agent 2,Regular
0.35,0.055578611935786976,0.058801153723578595,0.75,0.05798168891865811,4,0.7,Agent 2,Regular
0.45,0.07799072265625001,0.0810667787235786,0.75,0.03944130740891508,4,0.7,Agent 2,Regular
0.55,0.10157471136119463,0.10357666015625003,0.45,0.019709126102623806,4,0.7,Agent 2,Regular
0.65,0.12462159105808371,0.12916259765625002,0.45,0.03643836160019682,4,0.7,Agent 2,Regular
0.75,0.1478636537235786,0.15474853515625,0.45,0.04656236512011425,4,0.7,Agent 2,Regular
0.85,0.1727173806596613,0.18033447265625,0.45,0.04410147935023478,4,0.7,Agent 2,Regular
0.95,0.19742408784877769,0.20592041015624998,0.45,0.04303589496120801,4,0.7,Agent 2,Regular
0.05,0.0057373046875,0.009960937500000001,0.4,0.7361702127659576,5,0.3,Agent 2,Regular
0.15,0.025610351562499994,0.029882812499999998,0.4,0.1668255481410869,5,0.3,Agent 2,Regular
0.25,0.04948730158070358,0.05009766593733373,0.3,0.012333757087861677,5,0.3,Agent 2,Regular
0.35,0.07285156675655573,0.07409667658070357,0.25,0.01709105074306171,5,0.3,Agent 2,Regular
0.45,0.09477539062500001,0.09870605158070359,0.25,0.041473434504280884,5,0.3,Agent 2,Regular
0.55,0.11665038485174051,0.1233154265807036,0.25,0.05713690304094738,5,0.3,Agent 2,Regular
0.65,0.14348143122183277,0.1479248015807036,0.25,0.03096826063855642,5,0.3,Agent 2,Regular
0.75,0.17170405708883152,0.17253417658070358,0.25,0.004834594510731897,5,0.3,Agent 2,Regular
0.85,0.19851072026868427,0.2021729089770764,0.7,0.018448317065372394,5,0.3,Agent 2,Regular
0.95,0.22648969990718476,0.23186040897707644,0.7,0.023712818163883778,5,0.3,Agent 2,Regular
0.05,0.00531005859375,0.005517578125,0.15,0.039080459770115004,5,0.5,Agent 2,Regular
0.15,0.018017578125,0.021044918303407253,0.35,0.16802148198856523,5,0.5,Agent 2,Regular
0.25,0.03864745988559255,0.04057616830340725,0.35,0.04990517937075877,5,0.5,Agent 2,Regular
0.35,0.06010741830340725,0.06523438321955588,0.2,0.0852967081412312,5,0.5,Agent 2,Regular
0.45,0.0806396484375,0.09042969571955589,0.2,0.12140488545958499,5,0.5,Agent 2,Regular
0.55,0.10332031440811121,0.1156250082195559,0.2,0.11909268648604411,5,0.5,Agent 2,Regular
0.65,0.1270996049716665,0.1408203207195559,0.2,0.10795246571339134,5,0.5,Agent 2,Regular
0.75,0.15092764234532954,0.1660156332195559,0.2,0.09996837318709531,5,0.5,Agent 2,Regular
0.85,0.17636734009996918,0.19121094571955588,0.2,0.08416300666083068,5,0.5,Agent 2,Regular
0.95,0.202538939598069,0.2164062582195559,0.2,0.0684674198897558,5,0.5,Agent 2,Regular
0.05,0.0062255859375,0.0069335937500000005,0.0,0.11372549019607851,5,0.7,Agent 2,Regular
0.15,0.01884765625,0.02080078125,0.0,0.10362694300518134,5,0.7,Agent 2,Regular
0.25,0.033203125,0.04169935217100548,0.85,0.25588637126792985,5,0.7,Agent 2,Regular
0.35,0.05876466702935261,0.06455091467100547,0.85,0.09846473968384212,5,0.7,Agent 2,Regular
0.45,0.08330078125000001,0.08740247717100548,0.85,0.04923958526505978,5,0.7,Agent 2,Regular
0.55,0.1075683673988522,0.11093756825166948,0.3,0.03132148357634392,5,0.7,Agent 2,Regular
0.65,0.13203127480544546,0.13720704132874117,0.4,0.03920106452749514,5,0.7,Agent 2,Regular
0.75,0.15546836536881758,0.16376954132874116,0.4,0.05339463073552424,5,0.7,Agent 2,Regular
0.85,0.1788087271710055,0.19033204132874115,0.4,0.06444492022313446,5,0.7,Agent 2,Regular
0.95,0.20605398357821192,0.21689454132874114,0.4,0.05261027989985193,5,0.7,Agent 2,Regular
0.05,0.0095306396484375,0.0107421875,1.0,0.12712135766890806,0,0.3,Agent 1,Competitive
0.15,0.0303070068359375,0.0322265625,1.0,0.06333702547578288,0,0.3,Agent 1,Competitive
0.25,0.0526458741579838,0.0537109375,1.0,0.020230708655726255,0,0.3,Agent 1,Competitive
0.35,0.07373962724643299,0.0759857179079838,0.25,0.030459750685266133,0,0.3,Agent 1,Competitive
0.45,0.09627380371093751,0.0993255616579838,0.25,0.03169873661800261,0,0.3,Agent 1,Competitive
0.55,0.11927183235491362,0.12266540540798382,0.25,0.028452426579412684,0,0.3,Agent 1,Competitive
0.65,0.14109800162460795,0.1460052491579838,0.25,0.03477900095588602,0,0.3,Agent 1,Competitive
0.75,0.16509709967414804,0.1693450929079838,0.25,0.02573027171416107,0,0.3,Agent 1,Competitive
0.85,0.18819276006846575,0.1926849366579838,0.25,0.023870081866506326,0,0.3,Agent 1,Competitive
0.95,0.21197226951439108,0.2166351004713598,0.7,0.021997362993050218,0,0.3,Agent 1,Competitive
0.05,0.00987548828125,0.010791015625,0.55,0.09270704573547589,0,0.5,Agent 1,Competitive
0.15,0.03106689453125,0.03243406489494372,1.0,0.04400730695237316,0,0.5,Agent 1,Competitive
0.25,0.05399169520682391,0.054431151377462926,0.2,0.00813932900153638,0,0.5,Agent 1,Competitive
0.35,0.07586670149380564,0.07786865137746293,0.2,0.026387728005029244,0,0.5,Agent 1,Competitive
0.45,0.0966796875,0.10130615137746293,0.2,0.04785352535880852,0,0.5,Agent 1,Competitive
0.55,0.11870117187500001,0.12474365137746293,0.2,0.05090496923506402,0,0.5,Agent 1,Competitive
0.65,0.1400512580581199,0.14818115137746293,0.2,0.05804941299398537,0,0.5,Agent 1,Competitive
0.75,0.16175532992258163,0.17161865137746293,0.2,0.060976794147074055,0,0.5,Agent 1,Competitive
0.85,0.18414305441939766,0.19505615137746293,0.2,0.0592642334106721,0,0.5,Agent 1,Competitive
0.95,0.20660388247209688,0.21849365137746293,0.2,0.0575486228191856,0,0.5,Agent 1,Competitive
0.05,0.009289550781250001,0.010449218750000001,0.9,0.12483574244415242,0,0.7,Agent 1,Competitive
0.15,0.028796386718749997,0.03134765625,0.9,0.0885968630775754,0,0.7,Agent 1,Competitive
0.25,0.047119140625,0.052624511718749996,0.15,0.11683937823834188,0,0.7,Agent 1,Competitive
0.35,0.07052002782419478,0.07645263671875,0.15,0.08412658187465702,0,0.7,Agent 1,Competitive
0.45,0.09232177734375,0.10028076171875,0.15,0.0862091762528098,0,0.7,Agent 1,Competitive
0.55,0.11419678059732422,0.12410888671875,0.15,0.0867984725101615,0,0.7,Agent 1,Competitive
0.65,0.133935546875,0.14793701171874998,0.15,0.10453882610280697,0,0.7,Agent 1,Competitive
0.75,0.1577025435882462,0.17176513671875,0.15,0.0891716316714621,0,0.7,Agent 1,Competitive
0.85,0.17431640625,0.19559326171875,0.15,0.12205882352941173,0,0.7,Agent 1,Competitive
0.95,0.20047591163789147,0.21942138671874997,0.15,0.09450250120362923,0,0.7,Agent 1,Competitive
0.05,0.008154296875,0.01005859375,0.5,0.23353293413173667,1,0.3,Agent 1,Competitive
0.15,0.02705078125,0.03017578125,0.5,0.1155234657039711,1,0.3,Agent 1,Competitive
0.25,0.046972656886037065,0.05029296875,0.5,0.07068605618835924,1,0.3,Agent 1,Competitive
0.35,0.0684570291461851,0.07041015625,0.5,0.028530702079462674,1,0.3,Agent 1,Competitive
0.45,0.0903564453125,0.09169919893499918,0.9,0.0148606291212014,1,0.3,Agent 1,Competitive
0.55,0.11101073695242572,0.11347654268499918,0.9,0.022212317477274264,1,0.3,Agent 1,Competitive
0.65,0.13225097504579625,0.1352538864349992,0.9,0.02270615689724093,1,0.3,Agent 1,Competitive
0.75,0.15549319576650128,0.15703123018499918,0.9,0.009891329398152633,1,0.3,Agent 1,Competitive
0.85,0.1787108761958123,0.1793213449603727,0.7,0.003415957537422085,1,0.3,Agent 1,Competitive
0.95,0.200879058996747,0.20314946996037267,0.7,0.011302377534845216,1,0.3,Agent 1,Competitive
0.05,0.008203125,0.0095703125,0.7,0.1666666666666667,1,0.5,Agent 1,Competitive
0.15,0.0250244140625,0.0287109375,0.7,0.14731707317073164,1,0.5,Agent 1,Competitive
0.25,0.045825197220611194,0.04785164484233671,0.6,0.0442212525997393,1,0.5,Agent 1,Competitive
0.35,0.06569825251087079,0.06857910652848168,0.2,0.043849781501177756,1,0.5,Agent 1,Competitive
0.45,0.086376953125,0.09084473152848169,0.2,0.051724195423010114,1,0.5,Agent 1,Competitive
0.55,0.10615234507100006,0.1131103565284817,0.2,0.06554741162644843,1,0.5,Agent 1,Competitive
0.65,0.12607422545285216,0.1353759815284817,0.2,0.07377999779271395,1,0.5,Agent 1,Competitive
0.75,0.14636233330916784,0.1576416065284817,0.2,0.07706404348916826,1,0.5,Agent 1,Competitive
0.85,0.158544921875,0.17990723152848168,0.2,0.13473979110049425,1,0.5,Agent 1,Competitive
0.95,0.18918434168163878,0.2021728565284817,0.2,0.06865533760029731,1,0.5,Agent 1,Competitive
0.05,0.00869140625,0.01015625,0.95,0.16853932584269662,1,0.7,Agent 1,Competitive
0.15,0.02578125,0.03046875,0.95,0.18181818181818185,1,0.7,Agent 1,Competitive
0.25,0.0476318326105369,0.05085504898902282,0.9,0.06766937574795094,1,0.7,Agent 1,Competitive
0.35,0.06901854451090698,0.07146051773902282,0.9,0.03538140720614483,1,0.7,Agent 1,Competitive
0.45,0.08962402343749999,0.09392089997866673,0.2,0.04794335688536904,1,0.7,Agent 1,Competitive
0.55,0.11123046048151819,0.11667480622866674,0.2,0.04894653607995424,1,0.7,Agent 1,Competitive
0.65,0.13327635329253645,0.13942871247866676,0.2,0.046162421420896105,1,0.7,Agent 1,Competitive
0.75,0.14208984375,0.16218261872866674,0.2,0.14140894555432812,1,0.7,Agent 1,Competitive
0.85,0.17441407341048193,0.18493652497866672,0.2,0.06033028965168596,1,0.7,Agent 1,Competitive
0.95,0.19296875,0.20769043122866673,0.2,0.07629049381657257,1,0.7,Agent 1,Competitive
0.05,0.01015625,0.01025390625,0.0,0.009615384615384581,2,0.3,Agent 1,Competitive
0.15,0.0305419921875,0.03076171875,0.0,0.007194244604316592,2,0.3,Agent 1,Competitive
0.25,0.05141601719062969,0.05473627406184964,0.85,0.06457631400949997,2,0.3,Agent 1,Competitive
0.35,0.07453613785187056,0.07895502406184964,0.85,0.05928515130151966,2,0.3,Agent 1,Competitive
0.45,0.09946289062500001,0.10317377406184965,0.85,0.03730922571756533,2,0.3,Agent 1,Competitive
0.55,0.12412109624522234,0.12739252406184964,0.85,0.026356742855090796,2,0.3,Agent 1,Competitive
0.65,0.14902344444748178,0.15161127406184965,0.85,0.01736525164857445,2,0.3,Agent 1,Competitive
0.75,0.17478025450316587,0.17583002406184964,0.85,0.0060062251406365645,2,0.3,Agent 1,Competitive
0.85,0.20004877406184962,0.20175791289600412,0.7,0.008543610637804136,2,0.3,Agent 1,Competitive
0.95,0.22509764656266626,0.2283204128960041,0.7,0.014317192483132606,2,0.3,Agent 1,Competitive
0.05,0.009912109375,0.010498046875,0.4,0.0591133004926108,2,0.5,Agent 1,Competitive
0.15,0.0308349609375,0.031494140625,0.4,0.02137767220902615,2,0.5,Agent 1,Competitive
0.25,0.05302734321181479,0.05310058835933343,0.3,0.0013812713042413243,2,0.5,Agent 1,Competitive
0.35,0.06904296874999999,0.0755126955815926,0.2,0.09370580304880952,2,0.5,Agent 1,Competitive
0.45,0.083935546875,0.0979736330815926,0.2,0.16724840343863662,2,0.5,Agent 1,Competitive
0.55,0.11591798905426011,0.12043457058159263,0.2,0.038963594556651146,2,0.5,Agent 1,Competitive
0.65,0.14035646091987103,0.1428955080815926,0.2,0.01808999133407262,2,0.5,Agent 1,Competitive
0.75,0.16455081427500134,0.16770021091987103,0.65,0.0191393561845664,2,0.5,Agent 1,Competitive
0.85,0.18842778178422415,0.19504396091987103,0.65,0.03511254589423189,2,0.5,Agent 1,Competitive
0.95,0.21286601420634377,0.22238771091987103,0.65,0.04473093907934646,2,0.5,Agent 1,Competitive
0.05,0.009716796875000001,0.0115234375,1.0,0.18592964824120597,2,0.7,Agent 1,Competitive
0.15,0.029150390624999998,0.0345703125,1.0,0.18592964824120606,2,0.7,Agent 1,Competitive
0.25,0.05170898956114836,0.0576171875,1.0,0.11425862290085773,2,0.7,Agent 1,Competitive
0.35,0.0757080078125,0.0806640625,1.0,0.06546275395033845,2,0.7,Agent 1,Competitive
0.45,0.10048828125,0.1037109375,1.0,0.03206997084548102,2,0.7,Agent 1,Competitive
0.55,0.12436524181174105,0.1267578125,1.0,0.019238258643687074,2,0.7,Agent 1,Competitive
0.65,0.14746094498566698,0.15109863709351873,0.4,0.024668851187718433,2,0.7,Agent 1,Competitive
0.75,0.1720703604963353,0.17629394959351868,0.4,0.024545709586476543,2,0.7,Agent 1,Competitive
0.85,0.19675294676264884,0.2014892620935187,0.4,0.02407239845095414,2,0.7,Agent 1,Competitive
0.95,0.2204592154521576,0.2266845745935187,0.4,0.028238144314325947,2,0.7,Agent 1,Competitive
0.05,0.008984375000000001,0.011572265625000001,0.45,0.28804347826086957,0,0.3,Agent 2,Competitive
0.15,0.0308349609375,0.034716796875,0.45,0.1258907363420427,0,0.3,Agent 2,Competitive
0.25,0.055810547951370415,0.05795897522585147,0.5,0.03849500414066985,0,0.3,Agent 2,Competitive
0.35,0.08007812632100006,0.08178711045137041,0.25,0.021341460007689744,0,0.3,Agent 2,Competitive
0.45,0.104150390625,0.10776367295137042,0.25,0.0346929311036409,0,0.3,Agent 2,Competitive
0.55,0.1277343727004814,0.13374023545137043,0.25,0.047018375899272595,0,0.3,Agent 2,Competitive
0.65,0.14946289263096307,0.15971679795137042,0.25,0.06860502389529644,0,0.3,Agent 2,Competitive
0.75,0.16845703125,0.18569336045137042,0.25,0.10231884696929452,0,0.3,Agent 2,Competitive
0.85,0.19624035864685693,0.2116699229513704,0.25,0.0786258464410965,0,0.3,Agent 2,Competitive
0.95,0.21337890625,0.2376464854513704,0.25,0.11372998216111348,0,0.3,Agent 2,Competitive
0.05,0.009252929687500001,0.011181640625000001,1.0,0.20844327176780997,0,0.5,Agent 2,Competitive
0.15,0.02958984375,0.033544921875,1.0,0.13366336633663367,0,0.5,Agent 2,Competitive
0.25,0.05202636752998149,0.055908203125,1.0,0.07461285073922376,0,0.5,Agent 2,Competitive
0.35,0.0749023425268518,0.07827148437499999,1.0,0.04498046034996022,0,0.5,Agent 2,Competitive
0.45,0.09880371093750001,0.10065918002998149,0.25,0.01877934618928623,0,0.5,Agent 2,Competitive
0.55,0.10634765625,0.12497558627998151,0.25,0.175160701108366,0,0.5,Agent 2,Competitive
0.65,0.14414062162411098,0.1492919925299815,0.25,0.03573850901867358,0,0.5,Agent 2,Competitive
0.75,0.166259765625,0.1736083987799815,0.25,0.04419970837416182,0,0.5,Agent 2,Competitive
0.85,0.19082038476359553,0.1979248050299815,0.25,0.03723092936421613,0,0.5,Agent 2,Competitive
0.95,0.205029296875,0.22231445053192578,0.4,0.08430577444482977,0,0.5,Agent 2,Competitive
0.05,0.008496093750000001,0.010546875,0.95,0.2413793103448275,0,0.7,Agent 2,Competitive
0.15,0.02734375,0.031640625,0.95,0.15714285714285708,0,0.7,Agent 2,Competitive
0.25,0.04741211030459263,0.053417940372961825,0.7,0.12667291183171475,0,0.7,Agent 2,Competitive
0.35,0.06953126379711166,0.07646481537296182,0.7,0.09971847478685086,0,0.7,Agent 2,Competitive
0.45,0.0947509765625,0.09951169037296183,0.7,0.050244482781890296,0,0.7,Agent 2,Competitive
0.55,0.1195312450584813,0.12255856537296184,0.7,0.025326602370781014,0,0.7,Agent 2,Competitive
0.65,0.14482423425951918,0.14833985118674106,0.4,0.024275059662473605,0,0.7,Agent 2,Competitive
0.75,0.14501953125,0.17470703868674106,0.4,0.20471385599476666,0,0.7,Agent 2,Competitive
0.85,0.18874524517772745,0.20107422618674106,0.4,0.06532075018580903,0,0.7,Agent 2,Competitive
0.95,0.200390625,0.22744141368674106,0.4,0.13499029052252856,0,0.7,Agent 2,Competitive
0.05,0.01005859375,0.011767578125,0.85,0.1699029126213592,1,0.3,Agent 2,Competitive
0.15,0.0334716796875,0.035302734375,0.85,0.05470459518599562,1,0.3,Agent 2,Competitive
0.25,0.05520019271942582,0.058837890625,0.85,0.06590009429974358,1,0.3,Agent 2,Competitive
0.35,0.07883299323257348,0.08320312563603706,0.1,0.05543532249968988,1,0.3,Agent 2,Competitive
0.45,0.102294921875,0.10791015688603707,0.1,0.05489260764966072,1,0.3,Agent 2,Competitive
0.55,0.1265380862799815,0.13261718813603707,0.1,0.048041676895640595,1,0.3,Agent 2,Competitive
0.65,0.15146482946362905,0.15732421938603708,0.1,0.038684821705193516,1,0.3,Agent 2,Competitive
0.75,0.17578125,0.18203125063603706,0.1,0.03555555917389973,1,0.3,Agent 2,Competitive
0.85,0.200048828125,0.20673828188603705,0.1,0.03343910496120059,1,0.3,Agent 2,Competitive
0.95,0.22456056326518584,0.23144531313603706,0.1,0.030658766484838878,1,0.3,Agent 2,Competitive
0.05,0.009228515625000001,0.011279296875,0.85,0.22222222222222215,1,0.5,Agent 2,Competitive
0.15,0.028759765625,0.033984357729147464,0.65,0.18166323649056043,1,0.5,Agent 2,Competitive
0.25,0.05302734516885191,0.05683592022914746,0.65,0.07182285004403162,1,0.5,Agent 2,Competitive
0.35,0.07714844063125939,0.08073727785162851,1.0,0.046518597018991206,1,0.5,Agent 2,Competitive
0.45,0.1002685546875,0.10466305910162851,1.0,0.04382734375522378,1,0.5,Agent 2,Competitive
0.55,0.12299804687500002,0.12978515766885193,0.25,0.05518063876859356,1,0.5,Agent 2,Competitive
0.65,0.14824217022914746,0.15537109516885192,0.25,0.04808972324598881,1,0.5,Agent 2,Competitive
0.75,0.17358402180333488,0.1809570326688519,0.25,0.04247517017361435,1,0.5,Agent 2,Competitive
0.85,0.191748046875,0.2065429701688519,0.25,0.07715814338122917,1,0.5,Agent 2,Competitive
0.95,0.22334016710145768,0.23212890766885189,0.25,0.03935136559381952,1,0.5,Agent 2,Competitive
0.05,0.009521484375,0.011083984375000001,0.75,0.16410256410256424,1,0.7,Agent 2,Competitive
0.15,0.0301513671875,0.033251953125,0.75,0.1028340080971659,1,0.7,Agent 2,Competitive
0.25,0.05126953394092604,0.055419921875,0.75,0.08095232421765598,1,0.7,Agent 2,Competitive
0.35,0.07565917817079623,0.07807613067936865,0.95,0.03194526516156823,1,0.7,Agent 2,Competitive
0.45,0.09921875,0.10268553586666623,0.3,0.03494083393175422,1,0.7,Agent 2,Competitive
0.55,0.12260743635707468,0.12885741086666624,0.3,0.050975492965936516,1,0.7,Agent 2,Competitive
0.65,0.1465332232335564,0.15502928586666626,0.3,0.05798045279853132,1,0.7,Agent 2,Competitive
0.75,0.166259765625,0.1812011608666662,0.3,0.08986777519803936,1,0.7,Agent 2,Competitive
0.85,0.19350582703496164,0.20737303586666622,0.3,0.07166300387015803,1,0.7,Agent 2,Competitive
0.95,0.21752925567936865,0.23354491086666623,0.3,0.07362529300842256,1,0.7,Agent 2,Competitive
0.05,0.009619140625000001,0.010693359375000001,0.0,0.11167512690355325,2,0.3,Agent 2,Competitive
0.15,0.03134765625,0.03278809293390768,0.65,0.04595037895082433,2,0.3,Agent 2,Competitive
0.25,0.05468750097851856,0.05739746793390768,0.65,0.04955368058331295,2,0.3,Agent 2,Competitive
0.35,0.07951661232620413,0.0825439912050204,0.95,0.03807228188239372,2,0.3,Agent 2,Competitive
0.45,0.10539550781250001,0.10812992870502042,0.95,0.025944377984163963,2,0.3,Agent 2,Competitive
0.55,0.13041991957548138,0.13371586620502043,0.95,0.02527180387986287,2,0.3,Agent 2,Competitive
0.65,0.1558349679339077,0.15930180370502042,0.95,0.022246841110674695,2,0.3,Agent 2,Competitive
0.75,0.1819579699438318,0.1850830078125,0.45,0.017174503923256996,2,0.3,Agent 2,Competitive
0.85,0.20852052752964895,0.2116455078125,0.45,0.01498643956004147,2,0.3,Agent 2,Competitive
0.95,0.2360596162050204,0.23820800781249998,0.45,0.009101055241967741,2,0.3,Agent 2,Competitive
0.05,0.009912109375,0.01162109375,0.9,0.17241379310344826,2,0.5,Agent 2,Competitive
0.15,0.031298828125,0.034863281249999996,0.9,0.11388455538221526,2,0.5,Agent 2,Competitive
0.25,0.05400391158292614,0.05810546875,0.9,0.07594926083781323,2,0.5,Agent 2,Competitive
0.35,0.0800292874322959,0.08144531856681506,0.65,0.01769391156602648,2,0.5,Agent 2,Competitive
0.45,0.10537109375,0.10830078658292615,0.25,0.0278035723903278,2,0.5,Agent 2,Competitive
0.55,0.11816406250000001,0.13544922408292615,0.25,0.14628103686707733,2,0.5,Agent 2,Competitive
0.65,0.15527344356681508,0.16259766158292616,0.25,0.04716980475131553,2,0.5,Agent 2,Competitive
0.75,0.18090844530834324,0.18974609908292614,0.25,0.04885152685669185,2,0.5,Agent 2,Competitive
0.85,0.20683589273277592,0.21689453658292612,0.25,0.04863103650557203,2,0.5,Agent 2,Competitive
0.95,0.23129922021738641,0.2440429740829261,0.25,0.05509639787614711,2,0.5,Agent 2,Competitive
0.05,0.009814453125,0.010400390625,0.35,0.05970149253731339,2,0.7,Agent 2,Competitive
0.15,0.030590820312499996,0.031201171875,0.35,0.019952114924182078,2,0.7,Agent 2,Competitive
0.25,0.05275879234053717,0.05493162692574019,1.0,0.041184312392486815,2,0.7,Agent 2,Competitive
0.35,0.072802734375,0.07885740817574019,1.0,0.08316547246087133,2,0.7,Agent 2,Competitive
0.45,0.0968017578125,0.10278318942574019,1.0,0.06179052682933624,2,0.7,Agent 2,Competitive
0.55,0.12214355488320373,0.1267089706757402,1.0,0.03737745963675287,2,0.7,Agent 2,Competitive
0.65,0.14567868613205454,0.15119629234053716,0.25,0.037875178277493794,2,0.7,Agent 2,Competitive
0.75,0.17126483337750759,0.1768310631761485,0.5,0.03250071651529093,2,0.7,Agent 2,Competitive
0.85,0.19667966748929547,0.2037841881761485,0.5,0.036122293562651536,2,0.7,Agent 2,Competitive
0.95,0.22236328888244475,0.23073731317614848,0.5,0.037659203260529094,2,0.7,Agent 2,Competitive
